time,id,price,quantity,isBuyerMaker,isBestMatch
2020/09/07 00:00:10 UTC,34141760,0.00167100,2.95000000,True,True
2020/09/07 00:00:10 UTC,34141761,0.00167000,112.18000000,True,True
2020/09/07 00:00:10 UTC,34141762,0.00167000,5.00000000,True,True
2020/09/07 00:00:10 UTC,34141763,0.00167000,0.21000000,True,True
2020/09/07 00:00:10 UTC,34141764,0.00167000,1.41000000,True,True
2020/09/07 00:00:10 UTC,34141765,0.00167000,0.02000000,True,True
2020/09/07 00:00:10 UTC,34141766,0.00166900,0.21000000,True,True
2020/09/07 00:00:10 UTC,34141767,0.00166900,0.10000000,True,True
2020/09/07 00:00:10 UTC,34141768,0.00166900,0.42000000,True,True
2020/09/07 00:00:10 UTC,34141769,0.00166800,0.65000000,True,True
2020/09/07 00:00:10 UTC,34141770,0.00166800,0.11000000,True,True
2020/09/07 00:00:10 UTC,34141771,0.00166800,1.58000000,True,True
2020/09/07 00:00:10 UTC,34141772,0.00166800,90.81000000,True,True
2020/09/07 00:00:10 UTC,34141773,0.00166800,1.15000000,True,True
2020/09/07 00:00:11 UTC,34141774,0.00166900,51.92000000,False,True
2020/09/07 00:00:11 UTC,34141775,0.00166900,6.93000000,False,True
2020/09/07 00:00:19 UTC,34141776,0.00166700,0.21000000,True,True
2020/09/07 00:00:19 UTC,34141777,0.00166700,0.74000000,True,True
2020/09/07 00:00:19 UTC,34141778,0.00166700,0.09000000,True,True
2020/09/07 00:00:19 UTC,34141779,0.00166700,0.70000000,True,True
2020/09/07 00:00:19 UTC,34141780,0.00166700,1.19000000,True,True
2020/09/07 00:00:19 UTC,34141781,0.00166700,3.54000000,True,True
2020/09/07 00:00:19 UTC,34141782,0.00166600,0.09000000,True,True
2020/09/07 00:00:26 UTC,34141783,0.00166600,0.12000000,True,True
2020/09/07 00:00:26 UTC,34141784,0.00166600,0.56000000,True,True
2020/09/07 00:00:26 UTC,34141785,0.00166600,0.99000000,True,True
2020/09/07 00:00:26 UTC,34141786,0.00166600,0.12000000,True,True
2020/09/07 00:00:26 UTC,34141787,0.00166600,0.07000000,True,True
2020/09/07 00:00:26 UTC,34141788,0.00166600,14.27000000,True,True
2020/09/07 00:00:26 UTC,34141789,0.00166600,1.14000000,True,True
2020/09/07 00:00:26 UTC,34141790,0.00166600,0.26000000,True,True
2020/09/07 00:00:26 UTC,34141791,0.00166600,1.34000000,True,True
2020/09/07 00:00:26 UTC,34141792,0.00166600,0.24000000,True,True
2020/09/07 00:00:26 UTC,34141793,0.00166600,0.26000000,True,True
2020/09/07 00:00:26 UTC,34141794,0.00166600,1.35000000,True,True
2020/09/07 00:00:26 UTC,34141795,0.00166600,0.10000000,True,True
2020/09/07 00:00:26 UTC,34141796,0.00166600,1.21000000,True,True
2020/09/07 00:00:26 UTC,34141797,0.00166600,0.26000000,True,True
2020/09/07 00:00:26 UTC,34141798,0.00166600,0.86000000,True,True
2020/09/07 00:00:26 UTC,34141799,0.00166600,1.11000000,True,True
2020/09/07 00:00:26 UTC,34141800,0.00166500,0.43000000,True,True
2020/09/07 00:00:26 UTC,34141801,0.00166500,0.09000000,True,True
2020/09/07 00:00:26 UTC,34141802,0.00166500,0.07000000,True,True
2020/09/07 00:00:26 UTC,34141803,0.00166500,1.44000000,True,True
2020/09/07 00:00:26 UTC,34141804,0.00166400,0.21000000,True,True
2020/09/07 00:00:26 UTC,34141805,0.00166400,0.65000000,True,True
2020/09/07 00:00:26 UTC,34141806,0.00166400,1.98000000,True,True
2020/09/07 00:00:26 UTC,34141807,0.00166400,2.70000000,True,True
2020/09/07 00:00:26 UTC,34141808,0.00166500,0.10000000,True,True
2020/09/07 00:00:26 UTC,34141809,0.00166500,1.16000000,True,True
2020/09/07 00:00:26 UTC,34141810,0.00166500,0.11000000,True,True
2020/09/07 00:00:26 UTC,34141811,0.00166500,0.27000000,True,True
2020/09/07 00:00:26 UTC,34141812,0.00166500,2.75000000,True,True
2020/09/07 00:00:26 UTC,34141813,0.00166300,0.21000000,True,True
2020/09/07 00:00:26 UTC,34141814,0.00166300,0.56000000,True,True
2020/09/07 00:00:26 UTC,34141815,0.00166300,0.60000000,True,True
2020/09/07 00:00:26 UTC,34141816,0.00166300,0.10000000,True,True
2020/09/07 00:00:26 UTC,34141817,0.00166300,1.57000000,True,True
2020/09/07 00:00:26 UTC,34141818,0.00166300,0.09000000,True,True
2020/09/07 00:00:26 UTC,34141819,0.00166300,2.81000000,True,True
2020/09/07 00:00:26 UTC,34141820,0.00166200,8.89000000,True,True
2020/09/07 00:00:26 UTC,34141821,0.00166300,1.07000000,True,True
2020/09/07 00:00:26 UTC,34141822,0.00166300,0.27000000,True,True
2020/09/07 00:00:26 UTC,34141823,0.00166300,1.08000000,True,True
2020/09/07 00:00:26 UTC,34141824,0.00166300,0.26000000,True,True
2020/09/07 00:00:26 UTC,34141825,0.00166300,9.26000000,True,True
2020/09/07 00:00:26 UTC,34141826,0.00166300,1.31000000,True,True
2020/09/07 00:00:26 UTC,34141827,0.00166300,0.26000000,True,True
2020/09/07 00:00:26 UTC,34141828,0.00166700,3.54000000,False,True
2020/09/07 00:00:27 UTC,34141829,0.00166600,0.55000000,True,True
2020/09/07 00:00:27 UTC,34141830,0.00166600,0.13000000,True,True
2020/09/07 00:00:28 UTC,34141831,0.00166600,0.10000000,True,True
2020/09/07 00:00:28 UTC,34141832,0.00166600,10.81000000,True,True
2020/09/07 00:00:28 UTC,34141833,0.00166600,0.27000000,True,True
2020/09/07 00:00:29 UTC,34141834,0.00166600,1.35000000,True,True
2020/09/07 00:00:29 UTC,34141835,0.00166600,0.26000000,True,True
2020/09/07 00:00:29 UTC,34141836,0.00166600,1.44000000,True,True
2020/09/07 00:00:29 UTC,34141837,0.00166600,0.10000000,True,True
2020/09/07 00:00:29 UTC,34141838,0.00166700,15.28000000,False,True
2020/09/07 00:00:29 UTC,34141839,0.00166700,0.21000000,False,True
2020/09/07 00:00:30 UTC,34141840,0.00166600,12.14000000,True,True
2020/09/07 00:00:30 UTC,34141841,0.00166600,1.08000000,True,True
2020/09/07 00:00:30 UTC,34141842,0.00166600,0.27000000,True,True
2020/09/07 00:00:30 UTC,34141843,0.00166600,0.62000000,True,True
2020/09/07 00:00:30 UTC,34141844,0.00166800,0.86000000,False,True
2020/09/07 00:00:30 UTC,34141845,0.00166600,0.26000000,True,True
2020/09/07 00:00:30 UTC,34141846,0.00166600,0.54000000,True,True
2020/09/07 00:00:35 UTC,34141847,0.00166600,12.13000000,True,True
2020/09/07 00:00:35 UTC,34141848,0.00166600,4.76000000,False,True
2020/09/07 00:00:37 UTC,34141849,0.00166500,3.54000000,True,True
2020/09/07 00:00:37 UTC,34141850,0.00166500,7.08000000,True,True
2020/09/07 00:00:44 UTC,34141851,0.00166800,0.59000000,False,True
2020/09/07 00:00:44 UTC,34141852,0.00166500,4.38000000,True,True
2020/09/07 00:01:05 UTC,34141853,0.00166700,2.98000000,False,True
2020/09/07 00:01:14 UTC,34141854,0.00166700,0.56000000,False,True
2020/09/07 00:01:14 UTC,34141855,0.00166700,0.51000000,False,True
2020/09/07 00:01:24 UTC,34141856,0.00166700,0.48000000,False,True
2020/09/07 00:01:26 UTC,34141857,0.00166800,0.21000000,False,True
2020/09/07 00:01:26 UTC,34141858,0.00166800,2.19000000,False,True
2020/09/07 00:01:35 UTC,34141859,0.00166700,1.92000000,True,True
2020/09/07 00:01:40 UTC,34141860,0.00166700,0.33000000,False,True
2020/09/07 00:01:44 UTC,34141861,0.00166700,4.24000000,False,True
2020/09/07 00:01:50 UTC,34141862,0.00166600,0.33000000,True,True
2020/09/07 00:01:50 UTC,34141863,0.00166500,18.54000000,True,True
2020/09/07 00:02:06 UTC,34141864,0.00166500,13.68000000,True,True
2020/09/07 00:02:16 UTC,34141865,0.00166600,9.77000000,False,True
2020/09/07 00:02:23 UTC,34141866,0.00166600,0.87000000,True,True
2020/09/07 00:02:25 UTC,34141867,0.00166600,17.95000000,True,True
2020/09/07 00:02:25 UTC,34141868,0.00166600,11.62000000,True,True
2020/09/07 00:02:30 UTC,34141869,0.00166700,0.14000000,False,True
2020/09/07 00:02:30 UTC,34141870,0.00166800,20.86000000,False,True
2020/09/07 00:02:30 UTC,34141871,0.00166600,0.86000000,True,True
2020/09/07 00:02:33 UTC,34141872,0.00166800,21.00000000,False,True
2020/09/07 00:02:40 UTC,34141873,0.00166700,9.93000000,False,True
2020/09/07 00:02:44 UTC,34141874,0.00166800,18.82000000,False,True
2020/09/07 00:02:46 UTC,34141875,0.00166900,5.89000000,False,True
2020/09/07 00:02:49 UTC,34141876,0.00166900,5.89000000,False,True
2020/09/07 00:02:49 UTC,34141877,0.00166900,12.36000000,False,True
2020/09/07 00:02:49 UTC,34141878,0.00166900,0.07000000,False,True
2020/09/07 00:02:49 UTC,34141879,0.00166900,0.56000000,False,True
2020/09/07 00:03:15 UTC,34141880,0.00166900,12.63000000,False,True
2020/09/07 00:03:15 UTC,34141881,0.00166900,1.20000000,False,True
2020/09/07 00:03:25 UTC,34141882,0.00167000,0.16000000,False,True
2020/09/07 00:03:33 UTC,34141883,0.00166900,17.68000000,True,True
2020/09/07 00:03:34 UTC,34141884,0.00167000,0.05000000,False,True
2020/09/07 00:03:34 UTC,34141885,0.00167000,0.98000000,False,True
2020/09/07 00:03:49 UTC,34141886,0.00167000,0.44000000,False,True
2020/09/07 00:03:49 UTC,34141887,0.00167100,0.21000000,False,True
2020/09/07 00:03:49 UTC,34141888,0.00167100,0.65000000,False,True
2020/09/07 00:03:49 UTC,34141889,0.00167100,0.80000000,False,True
2020/09/07 00:04:15 UTC,34141890,0.00167000,9.93000000,True,True
2020/09/07 00:04:20 UTC,34141891,0.00166800,18.82000000,True,True
2020/09/07 00:05:04 UTC,34141892,0.00166700,0.08000000,True,True
2020/09/07 00:05:20 UTC,34141893,0.00166900,4.25000000,False,True
2020/09/07 00:05:24 UTC,34141894,0.00166900,14.57000000,False,True
2020/09/07 00:07:48 UTC,34141895,0.00166900,18.82000000,True,True
2020/09/07 00:07:48 UTC,34141896,0.00166900,6.18000000,True,True
2020/09/07 00:07:49 UTC,34141897,0.00167100,0.68000000,False,True
2020/09/07 00:08:01 UTC,34141898,0.00167100,0.07000000,False,True
2020/09/07 00:08:31 UTC,34141899,0.00167100,4.56000000,False,True
2020/09/07 00:08:52 UTC,34141900,0.00167100,14.26000000,False,True
2020/09/07 00:08:52 UTC,34141901,0.00167200,0.56000000,False,True
2020/09/07 00:08:52 UTC,34141902,0.00167200,60.31000000,False,True
2020/09/07 00:08:53 UTC,34141903,0.00167200,39.69000000,False,True
2020/09/07 00:09:00 UTC,34141904,0.00167300,0.21000000,False,True
2020/09/07 00:09:00 UTC,34141905,0.00167300,3.33000000,False,True
2020/09/07 00:09:00 UTC,34141906,0.00167300,0.43000000,False,True
2020/09/07 00:09:02 UTC,34141907,0.00167400,0.21000000,False,True
2020/09/07 00:09:02 UTC,34141908,0.00167400,0.09000000,False,True
2020/09/07 00:09:02 UTC,34141909,0.00167400,0.99000000,False,True
2020/09/07 00:09:02 UTC,34141910,0.00167400,1.57000000,False,True
2020/09/07 00:09:02 UTC,34141911,0.00167400,0.60000000,False,True
2020/09/07 00:09:02 UTC,34141912,0.00167400,0.09000000,False,True
2020/09/07 00:09:02 UTC,34141913,0.00167500,0.21000000,False,True
2020/09/07 00:09:02 UTC,34141914,0.00167500,0.65000000,False,True
2020/09/07 00:09:02 UTC,34141915,0.00167500,1.78000000,False,True
2020/09/07 00:09:02 UTC,34141916,0.00167500,0.74000000,False,True
2020/09/07 00:09:02 UTC,34141917,0.00167500,0.10000000,False,True
2020/09/07 00:09:02 UTC,34141918,0.00167500,0.08000000,False,True
2020/09/07 00:09:02 UTC,34141919,0.00167500,1.44000000,False,True
2020/09/07 00:09:03 UTC,34141920,0.00167400,1.73000000,True,True
2020/09/07 00:09:32 UTC,34141921,0.00167600,1.62000000,False,True
2020/09/07 00:09:32 UTC,34141922,0.00167600,0.55000000,False,True
2020/09/07 00:09:32 UTC,34141923,0.00167600,0.11000000,False,True
2020/09/07 00:09:32 UTC,34141924,0.00167600,0.12000000,False,True
2020/09/07 00:09:32 UTC,34141925,0.00167600,0.08000000,False,True
2020/09/07 00:10:02 UTC,34141926,0.00167700,0.07000000,False,True
2020/09/07 00:10:05 UTC,34141927,0.00167700,0.14000000,False,True
2020/09/07 00:10:05 UTC,34141928,0.00167700,0.42000000,False,True
2020/09/07 00:10:05 UTC,34141929,0.00167700,0.09000000,False,True
2020/09/07 00:10:05 UTC,34141930,0.00167700,0.70000000,False,True
2020/09/07 00:10:27 UTC,34141931,0.00167800,0.21000000,False,True
2020/09/07 00:10:27 UTC,34141932,0.00167800,0.08000000,False,True
2020/09/07 00:10:27 UTC,34141933,0.00167800,1.58000000,False,True
2020/09/07 00:10:27 UTC,34141934,0.00167800,0.09000000,False,True
2020/09/07 00:10:45 UTC,34141935,0.00167800,0.07000000,False,True
2020/09/07 00:11:00 UTC,34141936,0.00167600,0.07000000,True,True
2020/09/07 00:11:03 UTC,34141937,0.00167700,0.14000000,False,True
2020/09/07 00:11:03 UTC,34141938,0.00167800,6.88000000,False,True
2020/09/07 00:11:04 UTC,34141939,0.00167700,0.16000000,False,True
2020/09/07 00:11:04 UTC,34141940,0.00167800,0.44000000,False,True
2020/09/07 00:11:11 UTC,34141941,0.00167600,2.25000000,True,True
2020/09/07 00:11:40 UTC,34141942,0.00167700,8.81000000,True,True
2020/09/07 00:11:53 UTC,34141943,0.00167600,25.85000000,True,True
2020/09/07 00:11:53 UTC,34141944,0.00167600,0.55000000,True,True
2020/09/07 00:12:16 UTC,34141945,0.00167600,3.00000000,False,True
2020/09/07 00:12:27 UTC,34141946,0.00167600,3.60000000,False,True
2020/09/07 00:12:28 UTC,34141947,0.00167700,1.10000000,False,True
2020/09/07 00:13:07 UTC,34141948,0.00167800,0.20000000,False,True
2020/09/07 00:13:33 UTC,34141949,0.00167700,30.91000000,False,True
2020/09/07 00:13:36 UTC,34141950,0.00167700,1.30000000,False,True
2020/09/07 00:13:36 UTC,34141951,0.00167700,33.58000000,False,True
2020/09/07 00:13:36 UTC,34141952,0.00167800,58.30000000,False,True
2020/09/07 00:13:37 UTC,34141953,0.00167700,0.25000000,False,True
2020/09/07 00:13:38 UTC,34141954,0.00167700,2.55000000,False,True
2020/09/07 00:13:39 UTC,34141955,0.00167700,7.13000000,False,True
2020/09/07 00:13:39 UTC,34141956,0.00167700,33.57000000,False,True
2020/09/07 00:13:42 UTC,34141957,0.00167800,2.72000000,False,True
2020/09/07 00:13:50 UTC,34141958,0.00167700,0.89000000,True,True
2020/09/07 00:13:57 UTC,34141959,0.00167800,2.06000000,False,True
2020/09/07 00:14:50 UTC,34141960,0.00167600,2.70000000,True,True
2020/09/07 00:14:51 UTC,34141961,0.00167600,1.31000000,True,True
2020/09/07 00:14:53 UTC,34141962,0.00167600,0.86000000,True,True
2020/09/07 00:14:53 UTC,34141963,0.00167600,5.06000000,True,True
2020/09/07 00:14:53 UTC,34141964,0.00167600,5.27000000,True,True
2020/09/07 00:15:06 UTC,34141965,0.00167600,3.14000000,True,True
2020/09/07 00:15:46 UTC,34141966,0.00167900,0.64000000,False,True
2020/09/07 00:15:46 UTC,34141967,0.00167900,0.08000000,False,True
2020/09/07 00:15:46 UTC,34141968,0.00167900,0.10000000,False,True
2020/09/07 00:15:55 UTC,34141969,0.00167900,18.82000000,True,True
2020/09/07 00:15:56 UTC,34141970,0.00167500,5.06000000,True,True
2020/09/07 00:15:58 UTC,34141971,0.00167500,18.04000000,True,True
2020/09/07 00:16:14 UTC,34141972,0.00167800,17.38000000,False,True
2020/09/07 00:16:39 UTC,34141973,0.00167600,0.06000000,True,True
2020/09/07 00:16:44 UTC,34141974,0.00167800,1.44000000,False,True
2020/09/07 00:16:47 UTC,34141975,0.00167800,21.46000000,True,True
2020/09/07 00:16:47 UTC,34141976,0.00167800,30.30000000,True,True
2020/09/07 00:17:29 UTC,34141977,0.00167600,0.16000000,True,True
2020/09/07 00:19:11 UTC,34141978,0.00167800,0.06000000,False,True
2020/09/07 00:19:11 UTC,34141979,0.00167800,2.94000000,False,True
2020/09/07 00:19:26 UTC,34141980,0.00167800,4.37000000,False,True
2020/09/07 00:19:48 UTC,34141981,0.00167800,0.06000000,False,True
2020/09/07 00:20:26 UTC,34141982,0.00167700,0.72000000,False,True
2020/09/07 00:20:45 UTC,34141983,0.00167600,0.07000000,True,True
2020/09/07 00:21:02 UTC,34141984,0.00167600,0.09000000,True,True
2020/09/07 00:21:16 UTC,34141985,0.00167600,0.21000000,True,True
2020/09/07 00:21:22 UTC,34141986,0.00167600,16.79000000,True,True
2020/09/07 00:21:22 UTC,34141987,0.00167600,0.98000000,True,True
2020/09/07 00:21:25 UTC,34141988,0.00167600,0.67000000,False,True
2020/09/07 00:21:37 UTC,34141989,0.00167700,12.02000000,False,True
2020/09/07 00:22:10 UTC,34141990,0.00167800,0.10000000,False,True
2020/09/07 00:22:10 UTC,34141991,0.00167800,31.10000000,False,True
2020/09/07 00:22:10 UTC,34141992,0.00167800,30.00000000,False,True
2020/09/07 00:22:10 UTC,34141993,0.00167800,19.24000000,False,True
2020/09/07 00:22:19 UTC,34141994,0.00167800,17.16000000,False,True
2020/09/07 00:22:19 UTC,34141995,0.00167800,25.88000000,False,True
2020/09/07 00:22:21 UTC,34141996,0.00167800,8.44000000,False,True
2020/09/07 00:22:23 UTC,34141997,0.00167800,1.27000000,False,True
2020/09/07 00:22:30 UTC,34141998,0.00167800,0.22000000,False,True
2020/09/07 00:22:30 UTC,34141999,0.00167800,22.70000000,False,True
2020/09/07 00:22:32 UTC,34142000,0.00167800,20.40000000,False,True
2020/09/07 00:22:33 UTC,34142001,0.00167800,20.40000000,False,True
2020/09/07 00:22:34 UTC,34142002,0.00167800,20.40000000,False,True
2020/09/07 00:22:36 UTC,34142003,0.00167800,20.40000000,False,True
2020/09/07 00:23:49 UTC,34142004,0.00167800,9.86000000,True,True
2020/09/07 00:23:49 UTC,34142005,0.00167900,3.45000000,False,True
2020/09/07 00:25:01 UTC,34142006,0.00167800,0.80000000,False,True
2020/09/07 00:25:05 UTC,34142007,0.00167900,1.07000000,False,True
2020/09/07 00:25:05 UTC,34142008,0.00167900,18.42000000,False,True
2020/09/07 00:25:05 UTC,34142009,0.00167900,17.55000000,False,True
2020/09/07 00:26:57 UTC,34142010,0.00167800,0.40000000,True,True
2020/09/07 00:27:18 UTC,34142011,0.00167600,1.56000000,True,True
2020/09/07 00:27:20 UTC,34142012,0.00167700,2.99000000,False,True
2020/09/07 00:27:22 UTC,34142013,0.00167500,6.38000000,True,True
2020/09/07 00:27:22 UTC,34142014,0.00167500,6.22000000,True,True
2020/09/07 00:27:24 UTC,34142015,0.00167600,2.98000000,False,True
2020/09/07 00:27:28 UTC,34142016,0.00167700,14.16000000,False,True
2020/09/07 00:28:27 UTC,34142017,0.00168000,0.10000000,False,True
2020/09/07 00:28:27 UTC,34142018,0.00168000,0.55000000,False,True
2020/09/07 00:28:27 UTC,34142019,0.00168000,0.41000000,False,True
2020/09/07 00:28:27 UTC,34142020,0.00168000,1.66000000,False,True
2020/09/07 00:28:27 UTC,34142021,0.00168000,1.53000000,False,True
2020/09/07 00:28:27 UTC,34142022,0.00168000,0.20000000,False,True
2020/09/07 00:28:27 UTC,34142023,0.00168000,0.40000000,False,True
2020/09/07 00:28:27 UTC,34142024,0.00168000,0.43000000,False,True
2020/09/07 00:28:32 UTC,34142025,0.00168000,0.93000000,False,True
2020/09/07 00:28:32 UTC,34142026,0.00168000,9.61000000,False,True
2020/09/07 00:28:33 UTC,34142027,0.00168000,1.59000000,False,True
2020/09/07 00:29:13 UTC,34142028,0.00167900,13.97000000,True,True
2020/09/07 00:29:13 UTC,34142029,0.00167900,17.15000000,True,True
2020/09/07 00:29:13 UTC,34142030,0.00167900,0.91000000,True,True
2020/09/07 00:29:30 UTC,34142031,0.00167800,39.00000000,True,True
2020/09/07 00:29:31 UTC,34142032,0.00168000,0.40000000,False,True
2020/09/07 00:29:31 UTC,34142033,0.00168000,5.36000000,False,True
2020/09/07 00:30:16 UTC,34142034,0.00168000,0.40000000,False,True
2020/09/07 00:30:16 UTC,34142035,0.00168000,9.86000000,False,True
2020/09/07 00:30:38 UTC,34142036,0.00168000,0.34000000,False,True
2020/09/07 00:30:40 UTC,34142037,0.00168000,0.49000000,False,True
2020/09/07 00:31:13 UTC,34142038,0.00167800,0.59000000,True,True
2020/09/07 00:31:13 UTC,34142039,0.00167700,30.00000000,True,True
2020/09/07 00:31:59 UTC,34142040,0.00167600,0.21000000,True,True
2020/09/07 00:31:59 UTC,34142041,0.00167600,0.74000000,True,True
2020/09/07 00:31:59 UTC,34142042,0.00167500,4.66000000,True,True
2020/09/07 00:31:59 UTC,34142043,0.00167500,14.40000000,True,True
2020/09/07 00:32:02 UTC,34142044,0.00167600,4.66000000,False,True
2020/09/07 00:32:02 UTC,34142045,0.00167700,1.00000000,False,True
2020/09/07 00:32:02 UTC,34142046,0.00167700,0.24000000,False,True
2020/09/07 00:32:02 UTC,34142047,0.00167700,0.14000000,False,True
2020/09/07 00:32:02 UTC,34142048,0.00167700,0.74000000,False,True
2020/09/07 00:33:35 UTC,34142049,0.00167700,6.24000000,True,True
2020/09/07 00:33:35 UTC,34142050,0.00167700,13.76000000,True,True
2020/09/07 00:33:35 UTC,34142051,0.00167600,17.11000000,True,True
2020/09/07 00:33:35 UTC,34142052,0.00167600,11.05000000,True,True
2020/09/07 00:33:35 UTC,34142053,0.00167600,1.84000000,True,True
2020/09/07 00:33:35 UTC,34142054,0.00167600,32.77000000,True,True
2020/09/07 00:33:41 UTC,34142055,0.00167500,12.71000000,True,True
2020/09/07 00:34:21 UTC,34142056,0.00167500,6.11000000,True,True
2020/09/07 00:34:21 UTC,34142057,0.00167500,13.49000000,True,True
2020/09/07 00:34:31 UTC,34142058,0.00167700,12.71000000,False,True
2020/09/07 00:34:34 UTC,34142059,0.00167700,4.52000000,False,True
2020/09/07 00:34:54 UTC,34142060,0.00167600,12.71000000,True,True
2020/09/07 00:35:17 UTC,34142061,0.00167700,0.28000000,False,True
2020/09/07 00:35:25 UTC,34142062,0.00167700,14.49000000,False,True
2020/09/07 00:35:48 UTC,34142063,0.00167700,0.06000000,False,True
2020/09/07 00:35:52 UTC,34142064,0.00167600,3.37000000,True,True
2020/09/07 00:35:53 UTC,34142065,0.00167600,2.00000000,False,True
2020/09/07 00:35:56 UTC,34142066,0.00167500,0.28000000,True,True
2020/09/07 00:35:56 UTC,34142067,0.00167400,0.21000000,True,True
2020/09/07 00:35:56 UTC,34142068,0.00167400,0.51000000,True,True
2020/09/07 00:36:02 UTC,34142069,0.00167400,0.04000000,True,True
2020/09/07 00:36:02 UTC,34142070,0.00167400,2.00000000,True,True
2020/09/07 00:36:03 UTC,34142071,0.00167400,0.98000000,False,True
2020/09/07 00:36:13 UTC,34142072,0.00167400,0.36000000,True,True
2020/09/07 00:37:36 UTC,34142073,0.00167500,14.55000000,True,True
2020/09/07 00:37:36 UTC,34142074,0.00167400,1.64000000,True,True
2020/09/07 00:39:14 UTC,34142075,0.00167300,0.21000000,True,True
2020/09/07 00:39:14 UTC,34142076,0.00167300,0.07000000,True,True
2020/09/07 00:39:14 UTC,34142077,0.00167300,18.14000000,True,True
2020/09/07 00:40:02 UTC,34142078,0.00167600,42.53000000,False,True
2020/09/07 00:40:03 UTC,34142079,0.00167500,3.70000000,True,True
2020/09/07 00:41:05 UTC,34142080,0.00167600,0.37000000,True,True
2020/09/07 00:41:05 UTC,34142081,0.00167600,0.72000000,True,True
2020/09/07 00:41:35 UTC,34142082,0.00167700,3.99000000,False,True
2020/09/07 00:41:35 UTC,34142083,0.00167700,1.03000000,False,True
2020/09/07 00:42:21 UTC,34142084,0.00167700,0.21000000,False,True
2020/09/07 00:42:21 UTC,34142085,0.00167700,21.48000000,True,True
2020/09/07 00:42:21 UTC,34142086,0.00167700,21.40000000,True,True
2020/09/07 00:42:32 UTC,34142087,0.00167800,0.07000000,False,True
2020/09/07 00:42:35 UTC,34142088,0.00167700,0.40000000,True,True
2020/09/07 00:43:00 UTC,34142089,0.00167700,5.52000000,True,True
2020/09/07 00:43:01 UTC,34142090,0.00167700,5.70000000,True,True
2020/09/07 00:43:01 UTC,34142091,0.00167700,0.49000000,True,True
2020/09/07 00:43:42 UTC,34142092,0.00167700,2.03000000,False,True
2020/09/07 00:43:43 UTC,34142093,0.00167700,12.80000000,False,True
2020/09/07 00:43:43 UTC,34142094,0.00167800,0.14000000,False,True
2020/09/07 00:43:43 UTC,34142095,0.00167800,1.89000000,False,True
2020/09/07 00:43:43 UTC,34142096,0.00167600,19.84000000,True,True
2020/09/07 00:44:39 UTC,34142097,0.00167700,45.24000000,True,True
2020/09/07 00:45:03 UTC,34142098,0.00167800,6.42000000,False,True
2020/09/07 00:45:06 UTC,34142099,0.00167600,17.73000000,True,True
2020/09/07 00:45:22 UTC,34142100,0.00167800,0.89000000,False,True
2020/09/07 00:45:23 UTC,34142101,0.00167800,39.77000000,False,True
2020/09/07 00:45:23 UTC,34142102,0.00167900,1.25000000,False,True
2020/09/07 00:46:00 UTC,34142103,0.00167700,0.37000000,True,True
2020/09/07 00:46:41 UTC,34142104,0.00167700,0.40000000,True,True
2020/09/07 00:46:41 UTC,34142105,0.00167700,7.15000000,True,True
2020/09/07 00:46:44 UTC,34142106,0.00167700,37.83000000,True,True
2020/09/07 00:46:59 UTC,34142107,0.00167700,6.33000000,True,True
2020/09/07 00:47:22 UTC,34142108,0.00167600,19.56000000,True,True
2020/09/07 00:49:34 UTC,34142109,0.00167600,0.18000000,True,True
2020/09/07 00:49:40 UTC,34142110,0.00167600,0.36000000,True,True
2020/09/07 00:49:51 UTC,34142111,0.00167600,9.90000000,True,True
2020/09/07 00:49:51 UTC,34142112,0.00167600,13.66000000,True,True
2020/09/07 00:50:27 UTC,34142113,0.00167600,19.43000000,True,True
2020/09/07 00:51:20 UTC,34142114,0.00167600,0.36000000,True,True
2020/09/07 00:51:23 UTC,34142115,0.00167600,0.14000000,True,True
2020/09/07 00:51:30 UTC,34142116,0.00167600,0.32000000,True,True
2020/09/07 00:51:30 UTC,34142117,0.00167700,33.42000000,False,True
2020/09/07 00:51:49 UTC,34142118,0.00167600,0.40000000,True,True
2020/09/07 00:51:49 UTC,34142119,0.00167600,0.38000000,True,True
2020/09/07 00:51:53 UTC,34142120,0.00167600,0.60000000,True,True
2020/09/07 00:53:53 UTC,34142121,0.00167900,2.52000000,False,True
2020/09/07 00:53:53 UTC,34142122,0.00167900,5.36000000,False,True
2020/09/07 00:55:19 UTC,34142123,0.00167900,0.07000000,False,True
2020/09/07 00:56:16 UTC,34142124,0.00167900,0.21000000,False,True
2020/09/07 00:56:39 UTC,34142125,0.00167800,0.60000000,True,True
2020/09/07 00:56:39 UTC,34142126,0.00167700,6.70000000,True,True
2020/09/07 00:56:55 UTC,34142127,0.00167800,3.98000000,True,True
2020/09/07 00:56:55 UTC,34142128,0.00167800,0.30000000,True,True
2020/09/07 00:56:55 UTC,34142129,0.00167800,4.71000000,True,True
2020/09/07 00:57:24 UTC,34142130,0.00167900,0.14000000,False,True
2020/09/07 00:58:04 UTC,34142131,0.00167900,30.15000000,False,True
2020/09/07 00:58:20 UTC,34142132,0.00167900,0.22000000,False,True
2020/09/07 00:58:24 UTC,34142133,0.00167900,0.83000000,False,True
2020/09/07 00:58:24 UTC,34142134,0.00167900,0.88000000,False,True
2020/09/07 00:58:25 UTC,34142135,0.00167900,0.91000000,False,True
2020/09/07 00:58:37 UTC,34142136,0.00167700,7.24000000,True,True
2020/09/07 00:58:55 UTC,34142137,0.00167700,16.06000000,True,True
2020/09/07 00:58:55 UTC,34142138,0.00167700,33.41000000,True,True
2020/09/07 00:58:55 UTC,34142139,0.00167700,25.45000000,True,True
2020/09/07 00:59:41 UTC,34142140,0.00167900,65.07000000,False,True
2020/09/07 00:59:41 UTC,34142141,0.00167900,4.02000000,False,True
2020/09/07 00:59:54 UTC,34142142,0.00167800,9.93000000,True,True
2020/09/07 01:00:49 UTC,34142143,0.00167600,1.03000000,True,True
2020/09/07 01:00:57 UTC,34142144,0.00167600,6.45000000,True,True
2020/09/07 01:01:05 UTC,34142145,0.00167600,4.48000000,True,True
2020/09/07 01:01:12 UTC,34142146,0.00167600,0.07000000,True,True
2020/09/07 01:01:13 UTC,34142147,0.00167600,6.71000000,True,True
2020/09/07 01:01:17 UTC,34142148,0.00167700,4.62000000,False,True
2020/09/07 01:01:17 UTC,34142149,0.00167700,35.94000000,False,True
2020/09/07 01:01:26 UTC,34142150,0.00167600,0.28000000,True,True
2020/09/07 01:01:27 UTC,34142151,0.00167600,1.94000000,True,True
2020/09/07 01:01:40 UTC,34142152,0.00167600,41.82000000,True,True
2020/09/07 01:01:40 UTC,34142153,0.00167600,0.62000000,True,True
2020/09/07 01:01:46 UTC,34142154,0.00167500,3.99000000,True,True
2020/09/07 01:01:54 UTC,34142155,0.00167600,0.07000000,False,True
2020/09/07 01:01:59 UTC,34142156,0.00167400,30.00000000,True,True
2020/09/07 01:01:59 UTC,34142157,0.00167400,0.21000000,True,True
2020/09/07 01:01:59 UTC,34142158,0.00167400,110.00000000,True,True
2020/09/07 01:01:59 UTC,34142159,0.00167300,11.86000000,True,True
2020/09/07 01:01:59 UTC,34142160,0.00167300,0.21000000,True,True
2020/09/07 01:01:59 UTC,34142161,0.00167300,33.47000000,True,True
2020/09/07 01:01:59 UTC,34142162,0.00167200,0.64000000,True,True
2020/09/07 01:01:59 UTC,34142163,0.00167200,31.60000000,True,True
2020/09/07 01:02:12 UTC,34142164,0.00167400,7.20000000,False,True
2020/09/07 01:02:15 UTC,34142165,0.00167300,0.16000000,True,True
2020/09/07 01:02:57 UTC,34142166,0.00167400,0.87000000,False,True
2020/09/07 01:02:57 UTC,34142167,0.00167400,3.62000000,False,True
2020/09/07 01:03:31 UTC,34142168,0.00167500,0.39000000,False,True
2020/09/07 01:04:30 UTC,34142169,0.00167500,0.91000000,False,True
2020/09/07 01:04:40 UTC,34142170,0.00167500,2.85000000,False,True
2020/09/07 01:05:03 UTC,34142171,0.00167400,0.26000000,True,True
2020/09/07 01:05:04 UTC,34142172,0.00167400,0.20000000,True,True
2020/09/07 01:05:04 UTC,34142173,0.00167400,0.35000000,True,True
2020/09/07 01:05:05 UTC,34142174,0.00167400,0.12000000,True,True
2020/09/07 01:05:07 UTC,34142175,0.00167300,14.67000000,True,True
2020/09/07 01:05:09 UTC,34142176,0.00167300,33.58000000,False,True
2020/09/07 01:05:09 UTC,34142177,0.00167300,42.52000000,False,True
2020/09/07 01:05:10 UTC,34142178,0.00167200,0.06000000,True,True
2020/09/07 01:05:49 UTC,34142179,0.00167300,0.07000000,True,True
2020/09/07 01:05:53 UTC,34142180,0.00167400,14.66000000,False,True
2020/09/07 01:05:58 UTC,34142181,0.00167300,6.00000000,True,True
2020/09/07 01:05:58 UTC,34142182,0.00167300,33.54000000,True,True
2020/09/07 01:06:04 UTC,34142183,0.00167300,27.71000000,False,True
2020/09/07 01:06:05 UTC,34142184,0.00167300,54.27000000,False,True
2020/09/07 01:06:05 UTC,34142185,0.00167300,0.88000000,False,True
2020/09/07 01:06:11 UTC,34142186,0.00167300,2.68000000,False,True
2020/09/07 01:06:17 UTC,34142187,0.00167400,0.01000000,False,True
2020/09/07 01:06:17 UTC,34142188,0.00167500,25.86000000,False,True
2020/09/07 01:06:43 UTC,34142189,0.00167400,8.00000000,False,True
2020/09/07 01:06:44 UTC,34142190,0.00167400,42.99000000,False,True
2020/09/07 01:06:44 UTC,34142191,0.00167400,30.02000000,False,True
2020/09/07 01:06:45 UTC,34142192,0.00167400,12.80000000,False,True
2020/09/07 01:07:27 UTC,34142193,0.00167700,0.21000000,False,True
2020/09/07 01:07:31 UTC,34142194,0.00167700,4.43000000,True,True
2020/09/07 01:07:38 UTC,34142195,0.00167700,9.73000000,False,True
2020/09/07 01:09:10 UTC,34142196,0.00167600,0.64000000,True,True
2020/09/07 01:10:22 UTC,34142197,0.00167400,3.00000000,True,True
2020/09/07 01:10:22 UTC,34142198,0.00167400,0.08000000,True,True
2020/09/07 01:10:55 UTC,34142199,0.00167500,0.19000000,False,True
2020/09/07 01:11:05 UTC,34142200,0.00167500,0.21000000,True,True
2020/09/07 01:11:44 UTC,34142201,0.00167500,0.24000000,True,True
2020/09/07 01:13:17 UTC,34142202,0.00167400,28.47000000,True,True
2020/09/07 01:13:18 UTC,34142203,0.00167400,4.35000000,True,True
2020/09/07 01:13:32 UTC,34142204,0.00167400,0.09000000,True,True
2020/09/07 01:13:32 UTC,34142205,0.00167300,18.81000000,True,True
2020/09/07 01:13:32 UTC,34142206,0.00167300,0.21000000,True,True
2020/09/07 01:13:32 UTC,34142207,0.00167300,30.00000000,True,True
2020/09/07 01:13:32 UTC,34142208,0.00167300,9.54000000,True,True
2020/09/07 01:13:32 UTC,34142209,0.00167200,21.70000000,True,True
2020/09/07 01:13:50 UTC,34142210,0.00167400,18.81000000,False,True
2020/09/07 01:14:09 UTC,34142211,0.00167500,10.07000000,False,True
2020/09/07 01:15:13 UTC,34142212,0.00167300,0.60000000,True,True
2020/09/07 01:15:31 UTC,34142213,0.00167500,0.08000000,False,True
2020/09/07 01:16:28 UTC,34142214,0.00167500,0.07000000,False,True
2020/09/07 01:16:41 UTC,34142215,0.00167300,18.22000000,True,True
2020/09/07 01:16:41 UTC,34142216,0.00167300,0.44000000,True,True
2020/09/07 01:17:17 UTC,34142217,0.00167100,0.21000000,True,True
2020/09/07 01:17:17 UTC,34142218,0.00167100,1.42000000,True,True
2020/09/07 01:17:19 UTC,34142219,0.00167000,0.21000000,True,True
2020/09/07 01:17:19 UTC,34142220,0.00167000,0.55000000,True,True
2020/09/07 01:17:19 UTC,34142221,0.00167000,1.00000000,True,True
2020/09/07 01:17:20 UTC,34142222,0.00166900,0.21000000,True,True
2020/09/07 01:17:20 UTC,34142223,0.00166900,0.42000000,True,True
2020/09/07 01:17:20 UTC,34142224,0.00166900,0.10000000,True,True
2020/09/07 01:17:20 UTC,34142225,0.00166900,1.93000000,True,True
2020/09/07 01:18:24 UTC,34142226,0.00166800,0.34000000,True,True
2020/09/07 01:18:28 UTC,34142227,0.00166800,0.31000000,True,True
2020/09/07 01:18:28 UTC,34142228,0.00166800,0.11000000,True,True
2020/09/07 01:18:28 UTC,34142229,0.00166800,0.07000000,True,True
2020/09/07 01:18:40 UTC,34142230,0.00167000,0.67000000,False,True
2020/09/07 01:19:40 UTC,34142231,0.00167000,0.02000000,False,True
2020/09/07 01:19:55 UTC,34142232,0.00167000,0.18000000,False,True
2020/09/07 01:20:14 UTC,34142233,0.00167100,1.00000000,False,True
2020/09/07 01:20:54 UTC,34142234,0.00167000,0.26000000,True,True
2020/09/07 01:20:54 UTC,34142235,0.00167000,0.04000000,True,True
2020/09/07 01:20:56 UTC,34142236,0.00167100,0.24000000,False,True
2020/09/07 01:21:29 UTC,34142237,0.00167000,0.48000000,True,True
2020/09/07 01:21:29 UTC,34142238,0.00167000,0.26000000,True,True
2020/09/07 01:21:29 UTC,34142239,0.00166900,3.06000000,True,True
2020/09/07 01:21:46 UTC,34142240,0.00166900,9.93000000,True,True
2020/09/07 01:22:40 UTC,34142241,0.00167000,9.92000000,False,True
2020/09/07 01:24:46 UTC,34142242,0.00167100,0.14000000,True,True
2020/09/07 01:25:21 UTC,34142243,0.00167200,0.37000000,False,True
2020/09/07 01:25:26 UTC,34142244,0.00167100,0.21000000,True,True
2020/09/07 01:25:45 UTC,34142245,0.00167000,0.36000000,True,True
2020/09/07 01:25:45 UTC,34142246,0.00167000,0.15000000,True,True
2020/09/07 01:26:10 UTC,34142247,0.00167300,6.09000000,False,True
2020/09/07 01:26:47 UTC,34142248,0.00167300,12.73000000,False,True
2020/09/07 01:26:47 UTC,34142249,0.00167300,0.21000000,False,True
2020/09/07 01:27:25 UTC,34142250,0.00167400,0.17000000,False,True
2020/09/07 01:28:06 UTC,34142251,0.00167200,0.65000000,True,True
2020/09/07 01:29:45 UTC,34142252,0.00167200,3.98000000,True,True
2020/09/07 01:30:16 UTC,34142253,0.00167400,0.04000000,False,True
2020/09/07 01:30:52 UTC,34142254,0.00167400,0.44000000,False,True
2020/09/07 01:31:01 UTC,34142255,0.00167400,6.57000000,True,True
2020/09/07 01:31:01 UTC,34142256,0.00167400,1.48000000,True,True
2020/09/07 01:31:04 UTC,34142257,0.00167400,12.47000000,True,True
2020/09/07 01:31:04 UTC,34142258,0.00167400,0.28000000,True,True
2020/09/07 01:31:50 UTC,34142259,0.00167300,1.84000000,True,True
