blockNumber,time,hash,nonce,blockHash,from,contractAddress,to,value,tokenName,tokenSymbol,tokenDecimal,transactionIndex,gas,gasPrice,gasUsed,cumulativeGasUsed,input,confirmations
4279090,2017/09/16 04:28:25 UTC,0xb33f551d20d39a4e5852b5a26e34e6b4d011f4bf90b65c204f805272e30dc3e7,905,0xd785fbeb9c8aecd2074a8e609dba4941be2f0d7ce263875f45fd70a96dbfb4cc,0x862cb5b6eeaafb26ebb137e0c3c5d7728800439a,0xd26114cd6ee289accf82350c8d8487fedb8a0c07,0x9dd134d14d1e65f84b706d6f205cd5b1cd03a46b,1397358616996710101,OMG Network,OMG,18,47,3020000,4000000000,2900429,4817846,deprecated,6578051
4413692,2017/10/23 09:40:49 UTC,0x7d972823582d6946aca8941976864e56042bbe322ca4449fa3b63e91fa225cd4,335,0xe26ca1e6399fb141c5be8b41e6c95569696726334f059d85156486867447a114,0xb59fdff77a6175dfa4fe7af4281a52f61611eaa2,0xab95e915c123fded5bdfb6325e35ef5515f1ea69,0x9dd134d14d1e65f84b706d6f205cd5b1cd03a46b,1341797759367773553400,XENON,XNN,18,50,4712388,500000000,3131179,4860660,deprecated,6443449
4474024,2017/11/02 03:28:10 UTC,0xf515355a0b5c34cb2a155b3df20682aa1a07b5780b09b9b5aef3204ca10f3390,3178,0x1aaa6291127ffa82f7c46e4ebf5f5e504d2ff60b739453cef662f0541215ebbe,0x5586aec6f58086524753d594cec08c4318314299,0x0cf0ee63788a0849fe5297f3407f701e122cc023,0x9dd134d14d1e65f84b706d6f205cd5b1cd03a46b,10305769096293503844,DATAcoin,DATA,18,70,4000000,2000000000,2888161,5026485,deprecated,6383117
4475350,2017/11/02 08:46:45 UTC,0x7c0efcd8640adad41eb965739628fc527f62d0700207fc4b9c9373f8f066c4c5,1807,0x9f3edb6ec0b190c5acfe881b6ea1776f273057715e30348c982fa79184552f8e,0x354ffa86f138883b880c282000b5005e867e8ee4,0xe769d988ceda1559aee07963e59e62bd730dbba6,0x9dd134d14d1e65f84b706d6f205cd5b1cd03a46b,10000000000000000,WisePlat Token,WISE,18,88,90000,1000000000,52289,4012258,deprecated,6381791
4560386,2017/11/16 00:32:05 UTC,0x655c9724fb58583628ea08d68b03ea55302da327f3aa3fc9d79971a8b32d4f72,72,0x960cc60f6add0de340188e72e6c954054e6cdb3a643d5e51ba7c6982e0d9fa9f,0xae2b80f7f4d285caa658a285233550d19c8e7847,0x519475b31653e46d20cd09f9fdcf3b12bdacb4f5,0x9dd134d14d1e65f84b706d6f205cd5b1cd03a46b,2649603135526344836060,VIU,VIU,18,46,3300000,100000000,3271548,5769084,deprecated,6296755
4634402,2017/11/27 23:24:44 UTC,0xee78484762d52fcb556edeab861e788395c0248441fa0c8ee21ea35e74ee49ca,1805,0xc18845dee4ed632b8b2ed7bb4547f444f66e4ec9a26c397fb4df85c177d05023,0x0000000000000000000000000000000000000000,0x52903256dd18d85c2dc4a6c999907c9793ea61e3,0x9dd134d14d1e65f84b706d6f205cd5b1cd03a46b,777,INS Promo,INSP,0,87,2000000,4000000000,1717731,5380959,deprecated,6222739
4768875,2017/12/21 02:55:04 UTC,0x3a21333845f902340d5e802324b018ea15fbfb941fb19086d254334d8f612fe9,466,0x11f0f65f7e5ae0b6ffaa67dafa7ecd917ed1fd420dee918ab419805aca8f6a1c,0x1c19839c88c0cdb4d0b10208833101d75454d7c1,0xd037a81b22e7f814bc6f87d50e5bd67d8c329fa2,0x9dd134d14d1e65f84b706d6f205cd5b1cd03a46b,108652038586735664059,EMO tokens,EMO,18,59,3173822,30000000000,3073822,4776760,deprecated,6088266
4799591,2017/12/26 08:55:38 UTC,0x6096938c7944b38a2e916ba296cca7676f430b2bf5c27bae00ab4e4520c2984f,214,0x92f51b439dfefff5195b92911a4150f20b70891b9e1c6c0a8ab285222258b2d6,0xae2b80f7f4d285caa658a285233550d19c8e7847,0xf97f07c370918a762e2bfb689301d544fbc3b7d7,0x9dd134d14d1e65f84b706d6f205cd5b1cd03a46b,1324801567763172418,RAZOOM,RZM,18,39,3300000,200000000,3288380,6801604,deprecated,6057550
4801594,2017/12/26 16:51:43 UTC,0x9a61ea776934fbb1bedb094359e4f4c9fb741a825688d1f03a6865ead4eaba4a,94707,0x9c4cffa34539de9ed3ff23d3ce60605c788da999dbe8066cd1ed49df01e689de,0x0000000000000000000000000000000000000000,0x1234567461d3f8db7496581774bd869c83d51c93,0x9dd134d14d1e65f84b706d6f205cd5b1cd03a46b,1000000000000000000,BitClave,CAT,18,22,6500000,4000000000,6431268,7351957,deprecated,6055547
4950877,2018/01/22 06:48:59 UTC,0xde82b3f473cf5fc97770cde9537ffc303692b15e44b715bf6d3c9f830e7ff100,196,0xecc29d77c914386a58ecee786110bb6fe357f90c0f8ebaeb0e68be4d11753028,0x21d80914081aedb32a0e9a369b4385a400ef4e42,0xf2eab3a2034d3f6b63734d2e08262040e3ff7b48,0x9dd134d14d1e65f84b706d6f205cd5b1cd03a46b,1019840000000000000000000,CANDY,CANDY,18,49,3000000,10000000000,1642896,2767067,deprecated,5906264
5273357,2018/03/17 20:35:15 UTC,0x519358be63e99e5774e0ff90dca5a134a0bd359a64c020704610246f0906418a,81,0x518804b0f1d0fe366bcbc824777a7e0224bcd1f7a941845c777fea409a7600a0,0x61d80088c69f0874963dcd655de7e0b851ceef61,0xf3e014fe81267870624132ef3a646b8e83853a96,0x9dd134d14d1e65f84b706d6f205cd5b1cd03a46b,7770000000000000000,VIN,VIN,18,56,2000000,1000999999,1712468,4917381,deprecated,5583784
5430304,2018/04/13 01:01:21 UTC,0x01f7aa426df8ee761f07d371e460ffdff08d53e33b41f067b40da092db849dad,6966,0x5c493a7d12bb4a35ad7aa2a15a4debf0aed2eb84c27d594c46bab1c5621b8758,0x31a240648e2baf4f9f17225987f6f53fceb1699a,0x31a240648e2baf4f9f17225987f6f53fceb1699a,0x9dd134d14d1e65f84b706d6f205cd5b1cd03a46b,777,SAFE.AD - 20% DISCOUNT UNTIL 1 MAY,safe.ad,0,169,300000,300000000,240624,7886166,deprecated,5426837
5535764,2018/05/01 03:49:56 UTC,0x7fa190d65ce56443b5bf22eae5c102c80058af177fb533c0be4bd914ed28a61a,2,0x255a79e2b24f7a3e722b3725fcd6a8a222a6e845cf17304ed5fd848bfa426c5f,0x9fe3850dfd1a14e7219f40339ee76774ecdd410a,0xf230b790e05390fc8295f4d3f60332c93bed42e2,0x9dd134d14d1e65f84b706d6f205cd5b1cd03a46b,41000000,Tronix,TRX,6,22,1630798,2000000000,1630513,4122670,deprecated,5321377
5552531,2018/05/04 02:42:32 UTC,0x58e7b64b79f2bd2dae3b62c06a0ab87e4e90c475abf585a3ace553b30edd876c,232,0x64cd84d3814f89c298039912d9b089dba18dde2839a4b0d6108d5352cfc75773,0x0000000000000000000000000000000000000000,0xd3ace836e47f7cf4948dffd8ca2937494c52580c,0x9dd134d14d1e65f84b706d6f205cd5b1cd03a46b,1500000000000000000000,Free BOB Tokens - BobsRepair.com,BOBx,18,39,4000000,5000000000,3406632,6427676,deprecated,5304610
5687773,2018/05/27 21:34:44 UTC,0x24e774a1e6664da45533988d1eb0917aec4abd818097c5899ecb76b8a077d8f8,651,0xcc81bfb7e7820dbe7ef66356ae3bc0b5597f5126b37ab9c77cc424b66304ae84,0x84d069d3bef6c979bd248d494ab9102c6adb7c0e,0x4092678e4e78230f46a1534c0fbc8fa39780892b,0x9dd134d14d1e65f84b706d6f205cd5b1cd03a46b,2000000000000000000,OCoin,OCN,18,12,3000000,4000000000,2893726,3626602,deprecated,5169368
5784314,2018/06/13 23:32:34 UTC,0xdcf93a1882c5e065f598436865bba8f1284665af376f413d9ee007d83028f064,25,0xbaba8d7fc1db02b860ec2cedbcc80a69db169c4aeb1b14e5f1714ccf25ef2126,0x0000000000000000000000000000000000000000,0x7b2f9706cd8473b4f5b7758b0171a9933fc6c4d6,0x9dd134d14d1e65f84b706d6f205cd5b1cd03a46b,911,An Etheal Promo,HEALP,0,68,1800000,2000000000,1708229,6356731,deprecated,5072827
5899370,2018/07/03 17:00:38 UTC,0x266002847627c0430a2de3906b695e927f579078b3ac28c765dfb6027bf40f23,8280,0x44d4635af9e6e4af4038f2ce3b22a9b963bd1846aad8398026eb3a4afd54ba4e,0x9bc39ba2b2a87255b73e06a711f50157e7b16072,0xe530441f4f73bdb6dc2fa5af7c3fc5fd551ec838,0x9dd134d14d1e65f84b706d6f205cd5b1cd03a46b,510000,GSENetwork,GSE,4,215,60000,65000000000,52686,6769374,deprecated,4957771
6177120,2018/08/19 19:07:42 UTC,0x3a13dc9b846932c69e0052b70ca6995499e0bb08e5d4a935fd0374592ca880ec,155,0x40eab3b74225a3c145991237f7a8cf204023a6f7dd82d7571ba8579655d25faf,0xbdd2497c1a7d0bcae6143b0ad6509717265f621e,0x78fceca5bf5ec79c23effece97ae758665ba4f55,0x9dd134d14d1e65f84b706d6f205cd5b1cd03a46b,1000000000000000000,YouDeal Token,YD,18,11,6662113,1500000000,6661813,7713989,deprecated,4680021
6225152,2018/08/27 21:37:25 UTC,0xb418a0c41661d0797def6f3c331700b8adbd3789e1dbc9eea4b5900bfa12a20a,1680,0xf8f29e12185f42790ac0dca8c7a5000e6ac5a05bb58e70a15f72db1fc21b787d,0x0000000000000000000000000000000000000000,0xd4de05944572d142fbf70f3f010891a35ac15188,0x9dd134d14d1e65f84b706d6f205cd5b1cd03a46b,365000000000000000000,Bulleon Promo Token,BULLEON PROMO,18,45,5000000,2000000000,3708041,6321313,deprecated,4631989
6283769,2018/09/06 18:28:23 UTC,0xd0328ec39e370a6be841b71da143ca5b64d576fca936a5f3a3a2548fd99c9796,10,0x630d786cb78626789767485baa3097365c713dc1f3c1f01fd233526ada0a8eb6,0x9dd134d14d1e65f84b706d6f205cd5b1cd03a46b,0x212d95fccdf0366343350f486bda1ceafc0c2d63,0x13f9a51f0cabd17c7e06d6f3ec78a3b575ebc71c,100000000000000000000,blockwell.ai KYC Casper Token,blockwell.ai KYC Casper Token,18,32,4000000,5000000000,2439639,4297590,deprecated,4573372
6399104,2018/09/25 21:20:14 UTC,0x91f2a591e14db01065a51b1c11da2cddcfcff3544c666a65d7216ccc62204f71,5684,0xbe4839e2f7201d1abc27a8673535f14049aea6b6742166885af39418708cc11c,0x8e306b005773bee6ba6a6e8972bc79d766cc15c8,0x58b6a8a3302369daec383334672404ee733ab239,0x9dd134d14d1e65f84b706d6f205cd5b1cd03a46b,2085203642471664555,Livepeer Token,LPT,18,5,950000,9140000000,758154,1391826,deprecated,4458037
6502198,2018/10/12 16:30:27 UTC,0x0a933ad9b8b7c109542203c69da7abd9831de7570dd8913a0417664b385422c8,809,0xdf8318e301655767601107e3cbf853835996bfe60651f3044e7ddb97ccfcd026,0x0000000000000000000000000000000000000000,0xaf47ebbd460f21c2b3262726572ca8812d7143b0,0x9dd134d14d1e65f84b706d6f205cd5b1cd03a46b,5,Promodl,PMOD,0,52,2000000,8000000000,1700858,6742992,deprecated,4354943
7667658,2019/04/30 08:15:29 UTC,0x9b3f867079535715d6cbdd0462a3d830a4ad6d819c08598d7c8521c1ab338f24,14745,0x371f141ebcda38f772c70eefe95eed25ebe51cddb0e17520608c909164f8ea98,0x5ec2dc94a2e53727e37f253783ddff7cb907709d,0x9ab165d795019b6d8b3e971dda91071421305e5a,0x9dd134d14d1e65f84b706d6f205cd5b1cd03a46b,1000000000000000000,Aurora,AOA,18,114,60000,1000000000,51456,5830697,deprecated,3189483
8662149,2019/10/02 09:50:07 UTC,0xa034dc4f62c8937e488ea8d2d5f41a2bc7bdd6fc499d4c993910831af823c60b,909,0x85664b9972bfd64ced2dbdabcbaf540aa7121d5fb860dffd82020a43cd79537a,0xe5ccfca59acd6a3dea18a97a8d12a1fc5be09b13,0xbddab785b306bcd9fb056da189615cc8ece1d823,0x9dd134d14d1e65f84b706d6f205cd5b1cd03a46b,26792095293945616818,Ebakus,EBK,18,69,699393,1010000000,695083,6221695,deprecated,2194992
9077770,2019/12/09 13:59:31 UTC,0x1a4bb820bf90220e934ae07e72cb2140eca8477dcfad72a6bfe5c08d58de5312,413,0xd51026d559712f6d6d06ba73f4d1bf079f722d652b6d126af16759f91cd5e949,0xc12d1c73ee7dc3615ba4e37e4abfdbddfa38907e,0xc12d1c73ee7dc3615ba4e37e4abfdbddfa38907e,0x9dd134d14d1e65f84b706d6f205cd5b1cd03a46b,88888800000000,KickToken,KICK,8,43,7000000,2000000000,2728018,5101505,deprecated,1779371
