blockNumber,time,hash,nonce,blockHash,transactionIndex,from,to,value,gas,gasPrice,isError,txreceipt_status,input,contractAddress,cumulativeGasUsed,gasUsed,confirmations
80055,2015/08/13 15:23:55 UTC,0xcff7bab07a096e4c01dd6a76befb2c0b11ebeec5bbb38b592f6daaa755ba60b6,0,0x866595af1d2db58574c6ce73d77a965db53f0ed882714060405f737285837583,2,0x9dd134d14d1e65f84b706d6f205cd5b1cd03a46b,0xa6bdc31c431b8f97848c9d60cbbe9660dc450eb7,95000000000000000000,90000,55098633173,0,,0x,,85575,21000,10777085
313661,2015/09/30 19:27:09 UTC,0x8347079dee0a85c0b643e44e37ec18d423392028c22b1caae0d642f9114b6617,1,0xc88c09ae97eb685a52a8d7c3e82cfbf2917deac1a24fc24ec134caa001a0a4fa,0,0x9dd134d14d1e65f84b706d6f205cd5b1cd03a46b,0xa6bdc31c431b8f97848c9d60cbbe9660dc450eb7,10170000000000000000,90000,50000000000,0,,0x,,21000,21000,10543479
477938,2015/11/02 09:50:28 UTC,0x578239b66f3119baa5783136a33f00b3bb71068e77dc4d06d3a761e8d81c6028,2,0x27e09b7878e445be37758cc8ca15672cf67ea51675a8060c258b43d4b810b682,0,0x9dd134d14d1e65f84b706d6f205cd5b1cd03a46b,0xa6bdc31c431b8f97848c9d60cbbe9660dc450eb7,20000000000000000000,90000,50000000000,0,,0x,,21000,21000,10379202
477942,2015/11/02 09:51:32 UTC,0x291e0df6d7466081a636a2f9764623365892ba167b97757ea578459597027ff7,3,0x7eec9a784f21a63ce07876e535b8a9b7b6d9ef8a3a2ba5fa82d9b732084ae645,8,0x9dd134d14d1e65f84b706d6f205cd5b1cd03a46b,0xa6bdc31c431b8f97848c9d60cbbe9660dc450eb7,80000000000000000000,90000,50000000000,0,,0x,,189000,21000,10379198
852036,2016/01/15 12:28:02 UTC,0x8f41b9b6b966848cf85cce0e5d2ce3e381fbd5d90a5a851c398245a65bc34f21,4,0x8ff4b0752b37ac49ca24a1d90bfce8ff8da3857e4bf8982db15037558120f9d7,2,0x9dd134d14d1e65f84b706d6f205cd5b1cd03a46b,0xa6bdc31c431b8f97848c9d60cbbe9660dc450eb7,500000000000000000000,90000,50000000000,0,,0x,,228382,21000,10005104
852377,2016/01/15 14:09:33 UTC,0xf2d59f05e8b3d85c4dccf4ce3024fb2ac017e65ba77d771f799d2f519001bca1,5,0x8d50c06f5f3f502578cb44ce86ab9e5b6ce517571cb2e856ebce914938ff3209,0,0x9dd134d14d1e65f84b706d6f205cd5b1cd03a46b,0xa6bdc31c431b8f97848c9d60cbbe9660dc450eb7,1331000000000000000000,90000,50000000000,0,,0x,,21000,21000,10004763
1027746,2016/02/19 12:45:00 UTC,0xb826ac26b51403a3129eff371416ce0e8bc541706d91823324fda47f6f995a38,6,0xd0dcdb42d3904d40b54f306df90341b112be68983ffe89741ff75f13031b8ed4,0,0x9dd134d14d1e65f84b706d6f205cd5b1cd03a46b,0xa6bdc31c431b8f97848c9d60cbbe9660dc450eb7,500000000000000000,90000,50000000000,0,,0x,,21000,21000,9829394
1027845,2016/02/19 13:11:58 UTC,0x198ba99c8cff79068ed34b66ac8d2b24b6d2a6feea14321bd0d7aed3ff78da32,7,0x3b2d7511f832a427f378a91e5204e54d2ee6527b0ab497c87a873ac4c5b4e9b6,0,0x9dd134d14d1e65f84b706d6f205cd5b1cd03a46b,0xa6bdc31c431b8f97848c9d60cbbe9660dc450eb7,45300000000000000000,90000,50000000000,0,,0x,,21000,21000,9829295
1145121,2016/03/13 19:44:13 UTC,0x5c0df4a8704ea223b58d0d50b65db5472bfd8c0322fe95fd0419d682108475af,8,0x863f7035115b36710d46235c7cab3aa5dc1c1dcc4924b1270be96ca91d8e3e4f,3,0x9dd134d14d1e65f84b706d6f205cd5b1cd03a46b,0xa6bdc31c431b8f97848c9d60cbbe9660dc450eb7,155000000000000000000,121000,20000000000,0,,0x,,84000,21000,9712019
1203404,2016/03/23 16:28:18 UTC,0x613ad39823b8e22ce259d4845141f87e0b53c957976037a23bc438d3bd7d5838,9,0x78a2a4537ae58e66d991e8ccdbe447078863a60b37cd3e187c2e2d8f740d29d2,0,0x9dd134d14d1e65f84b706d6f205cd5b1cd03a46b,0xa6bdc31c431b8f97848c9d60cbbe9660dc450eb7,208000000000000000000,121000,20000000000,0,,0x,,21000,21000,9653736
